product_id,product_name,price
0,brother,351
1,sure,33
2,tend,484
3,small,455
4,young,77
5,consider,193
6,serious,126
7,task,476
8,fact,402
9,political,217
10,company,276
11,pick,121
12,rich,339
13,teach,299
14,station,157
15,agent,402
16,nature,454
17,few,120
18,issue,298
19,want,384
20,campaign,252
21,sort,481
22,the,441
23,behind,53
24,something,487
25,but,260
26,alone,453
27,forget,424
28,industry,247
29,south,16
30,myself,49
31,parent,88
32,to,170
33,painting,294
34,form,237
35,account,231
36,special,179
37,but,438
38,enter,222
39,energy,318
40,able,108
41,brother,251
42,former,99
43,toward,156
44,lawyer,95
45,attorney,234
46,on,243
47,color,465
48,election,238
49,north,454
50,offer,36
51,goal,450
52,call,323
53,race,428
54,role,67
55,week,340
56,voice,185
57,enough,230
58,gun,319
59,most,42
60,open,238
61,lot,343
62,against,200
63,join,25
64,single,233
65,assume,35
66,hard,360
67,enjoy,345
68,ten,146
69,kind,339
70,why,460
71,organization,485
72,tend,345
73,born,230
74,century,138
75,yes,188
76,pattern,475
77,likely,96
78,staff,208
79,shake,469
80,available,479
81,college,416
82,upon,201
83,friend,414
84,whether,30
85,party,496
86,almost,243
87,consider,313
88,entire,146
89,without,288
90,difficult,353
91,boy,185
92,Congress,454
93,thank,379
94,section,71
95,serious,48
96,ago,334
97,you,264
98,strategy,162
99,standard,249
100,provide,99
101,resource,159
102,statement,499
103,budget,162
104,buy,249
105,decade,341
106,agreement,260
107,though,187
108,relate,256
109,state,443
110,together,417
111,ground,348
112,attack,194
113,among,23
114,instead,43
115,cut,259
116,yes,258
117,coach,174
118,fact,15
119,parent,390
120,truth,435
121,worker,341
122,similar,130
123,us,379
124,talk,246
125,movie,35
126,able,468
127,knowledge,124
128,knowledge,498
129,yes,161
130,enter,47
131,they,134
132,director,445
133,dinner,161
134,same,289
135,consider,223
136,treatment,395
137,boy,320
138,sense,345
139,control,393
140,truth,194
141,put,278
142,field,495
143,foot,101
144,enter,472
145,campaign,177
146,allow,422
147,consumer,316
148,finish,291
149,box,41
150,along,288
151,matter,488
152,firm,40
153,mission,160
154,everybody,110
155,together,476
156,word,430
157,can,195
158,agency,45
159,main,467
160,true,478
161,foot,500
162,professor,58
163,safe,269
164,store,262
165,sell,50
166,become,300
167,energy,164
168,cover,14
169,design,441
170,subject,227
171,indicate,126
172,each,267
173,same,188
174,choice,342
175,until,452
176,pick,202
177,same,183
178,attorney,371
179,feeling,364
180,no,282
181,commercial,341
182,watch,94
183,anything,354
184,half,263
185,require,253
186,south,465
187,race,467
188,allow,360
189,heart,221
190,blue,443
191,cultural,489
192,throughout,454
193,tend,491
194,here,167
195,beat,473
196,nation,494
197,size,417
198,town,356
199,same,255
200,stand,309
201,particular,261
202,newspaper,421
203,road,211
204,through,318
205,safe,247
206,likely,432
207,design,176
208,ground,328
209,any,408
210,book,287
211,black,24
212,civil,239
213,outside,396
214,window,464
215,its,58
216,become,214
217,receive,66
218,appear,36
219,general,452
220,walk,228
221,over,223
222,court,118
223,up,205
224,ever,165
225,development,91
226,effort,199
227,nor,24
228,analysis,252
229,respond,471
230,instead,186
231,population,409
232,attack,362
233,if,95
234,yes,111
235,degree,286
236,little,324
237,return,90
238,gas,124
239,cup,462
240,change,324
241,significant,62
242,key,247
243,brother,452
244,teach,161
245,entire,216
246,same,147
247,right,94
248,than,431
249,capital,245
250,certainly,228
251,from,280
252,always,436
253,control,214
254,onto,444
255,open,66
256,arm,48
257,floor,372
258,those,133
259,agreement,345
260,box,11
261,society,474
262,moment,365
263,family,86
264,important,395
265,rate,266
266,I,313
267,performance,16
268,down,114
269,religious,357
270,wear,17
271,as,275
272,statement,46
273,strategy,79
274,old,486
275,coach,319
276,eat,85
277,risk,406
278,improve,300
279,difference,106
280,stop,19
281,decision,277
282,attorney,129
283,reduce,378
284,station,38
285,personal,286
286,from,128
287,individual,457
288,treat,35
289,game,354
290,choose,296
291,partner,178
292,ahead,371
293,free,373
294,course,454
295,source,82
296,travel,442
297,single,202
298,collection,332
299,notice,27
300,father,279
301,deep,467
302,partner,422
303,pull,238
304,whose,354
305,up,45
306,mouth,251
307,skin,395
308,war,186
309,response,150
310,type,387
311,sound,430
312,knowledge,418
313,late,443
314,down,245
315,whose,194
316,sense,453
317,easy,123
318,window,356
319,research,316
320,even,94
321,game,94
322,under,267
323,here,109
324,son,444
325,current,101
326,fly,301
327,respond,386
328,Republican,362
329,difference,364
330,spend,398
331,community,169
332,represent,360
333,rather,386
334,fear,439
335,agreement,29
336,safe,459
337,cause,421
338,claim,324
339,whose,362
340,care,390
341,consumer,335
342,difficult,163
343,article,176
344,college,39
345,help,125
346,likely,24
347,rate,303
348,herself,285
349,stay,266
350,professional,296
351,adult,492
352,brother,301
353,believe,320
354,age,215
355,important,92
356,laugh,426
357,us,219
358,here,252
359,such,468
360,traditional,332
361,material,264
362,expect,411
363,something,344
364,analysis,198
365,visit,244
366,ground,237
367,energy,321
368,sense,338
369,buy,261
370,also,19
371,interest,442
372,least,40
373,less,385
374,forget,99
375,central,277
376,born,122
377,everybody,267
378,space,132
379,subject,112
380,clear,43
381,star,130
382,rate,60
383,seven,475
384,pay,101
385,career,103
386,pretty,497
387,he,338
388,forward,409
389,news,408
390,contain,418
391,role,500
392,protect,322
393,meeting,475
394,some,135
395,prepare,426
396,can,436
397,be,31
398,trial,454
399,security,211
400,candidate,141
401,kind,442
402,smile,356
403,mission,145
404,TV,388
405,practice,395
406,hard,166
407,war,475
408,respond,84
409,main,337
410,effort,252
411,choice,401
412,later,408
413,former,57
414,positive,272
415,could,274
416,east,451
417,answer,324
418,continue,340
419,direction,257
420,stand,363
421,general,141
422,employee,252
423,join,357
424,travel,279
425,series,269
426,thing,231
427,if,62
428,along,126
429,evidence,38
430,relate,136
431,seven,196
432,chair,169
433,card,439
434,enter,276
435,wall,378
436,ability,473
437,already,234
438,economic,442
439,attention,160
440,attack,342
441,upon,178
442,forward,175
443,need,391
444,drug,125
445,treatment,412
446,white,212
447,free,28
448,part,234
449,economic,364
450,break,405
451,activity,209
452,stuff,398
453,seat,392
454,reveal,459
455,money,430
456,cell,80
457,article,239
458,gas,96
459,guess,135
460,watch,395
461,weight,426
462,war,73
463,else,74
464,to,215
465,word,26
466,woman,405
467,pay,131
468,just,239
469,perhaps,207
470,full,65
471,executive,392
472,way,487
473,cup,34
474,carry,299
475,drop,91
476,probably,223
477,social,207
478,land,342
479,lay,149
480,score,431
481,put,425
482,recently,349
483,particularly,320
484,specific,89
485,matter,369
486,upon,404
487,heart,432
488,today,460
489,paper,416
490,build,315
491,because,18
492,from,339
493,power,253
494,language,25
495,name,300
496,avoid,415
497,increase,73
498,fear,202
499,he,145
500,character,228
501,partner,495
502,work,60
503,rule,220
504,project,15
505,time,31
506,young,458
507,speak,43
508,very,261
509,win,233
510,break,300
511,dream,278
512,itself,464
513,rule,191
514,experience,123
515,western,143
516,seek,84
517,mean,305
518,ball,412
519,institution,360
520,carry,17
521,bed,118
522,authority,10
523,important,322
524,bag,190
525,low,417
526,life,52
527,business,182
528,simply,100
529,free,175
530,probably,251
531,TV,32
532,western,492
533,shoulder,114
534,fight,346
535,stock,127
536,current,185
537,hundred,246
538,likely,490
539,individual,47
540,region,365
541,agency,309
542,such,72
543,must,245
544,decade,159
545,teacher,315
546,create,481
547,Republican,23
548,nor,457
549,foreign,454
550,course,214
551,have,305
552,white,356
553,know,158
554,movie,96
555,drive,188
556,either,477
557,character,146
558,for,345
559,executive,157
560,very,228
561,song,266
562,store,180
563,build,188
564,adult,331
565,share,347
566,start,460
567,know,474
568,who,362
569,agency,356
570,receive,375
571,my,341
572,market,472
573,chance,387
574,use,494
575,ground,40
576,town,489
577,six,269
578,bed,164
579,movie,236
580,against,58
581,business,343
582,operation,19
583,value,195
584,ground,404
585,situation,183
586,floor,195
587,action,191
588,voice,373
589,feeling,307
590,take,287
591,new,169
592,spend,205
593,pretty,270
594,mouth,412
595,have,399
596,experience,251
597,soon,400
598,issue,41
599,interview,363
600,market,288
601,day,470
602,collection,142
603,concern,206
604,me,393
605,it,230
606,before,142
607,rate,248
608,color,60
609,clearly,109
610,training,496
611,behind,376
612,rise,33
613,drop,215
614,argue,49
615,pressure,216
616,step,385
617,turn,283
618,sea,170
619,follow,486
620,increase,495
621,because,49
622,TV,19
623,economy,283
624,according,59
625,through,323
626,spring,384
627,heavy,71
628,democratic,143
629,design,442
630,tax,351
631,miss,364
632,support,122
633,among,431
634,beautiful,441
635,economy,15
636,law,25
637,about,201
638,there,33
639,nature,369
640,medical,298
641,school,33
642,show,264
643,maintain,11
644,who,390
645,sort,444
646,yard,394
647,nothing,188
648,good,200
649,maintain,317
650,your,462
651,whether,274
652,hit,70
653,pattern,156
654,bag,390
655,indicate,484
656,fear,397
657,development,202
658,order,369
659,myself,392
660,long,438
661,street,440
662,fear,255
663,executive,447
664,grow,174
665,difficult,257
666,leader,390
667,manage,464
668,offer,194
669,many,261
670,use,198
671,individual,190
672,animal,63
673,same,322
674,easy,407
675,arrive,87
676,a,246
677,always,249
678,which,37
679,like,112
680,necessary,417
681,power,290
682,happen,159
683,media,53
684,trouble,180
685,deal,369
686,some,306
687,reduce,165
688,support,500
689,relationship,34
690,these,403
691,voice,433
692,rise,481
693,must,267
694,identify,456
695,line,311
696,success,246
697,employee,395
698,common,254
699,mind,441
700,she,449
701,easy,24
702,shoulder,353
703,lead,374
704,party,54
705,party,292
706,prepare,179
707,yet,213
708,seven,309
709,enough,231
710,audience,243
711,ten,376
712,reveal,217
713,plant,497
714,cold,188
715,shake,91
716,down,466
717,sense,112
718,decade,468
719,face,337
720,pretty,121
721,total,261
722,population,265
723,power,453
724,son,211
725,interview,245
726,marriage,273
727,run,114
728,occur,260
729,company,456
730,son,419
731,despite,493
732,edge,175
733,share,404
734,believe,25
735,evening,161
736,eat,424
737,politics,33
738,seat,122
739,shake,88
740,memory,77
741,why,44
742,management,288
743,great,243
744,material,295
745,resource,100
746,bed,32
747,too,55
748,start,385
749,something,323
750,moment,415
751,site,116
752,often,49
753,fire,391
754,a,179
755,main,205
756,real,182
757,another,176
758,major,67
759,hold,60
760,risk,75
761,sign,54
762,father,383
763,center,76
764,people,112
765,store,498
766,example,332
767,research,497
768,recently,398
769,social,168
770,radio,157
771,push,243
772,without,134
773,young,301
774,western,301
775,build,277
776,none,500
777,town,336
778,cause,226
779,rich,453
780,personal,99
781,adult,349
782,smile,400
783,yourself,40
784,north,398
785,single,365
786,list,185
787,bit,79
788,join,381
789,above,59
790,rock,352
791,others,415
792,even,339
793,western,480
794,American,81
795,cut,223
796,music,135
797,success,161
798,scientist,153
799,day,439
800,sound,37
801,course,358
802,even,90
803,watch,174
804,decide,179
805,quickly,261
806,field,460
807,under,91
808,raise,363
809,exist,100
810,full,496
811,safe,19
812,sport,142
813,past,145
814,wear,389
815,herself,78
816,goal,188
817,area,485
818,what,310
819,order,222
820,key,240
821,partner,168
822,usually,236
823,anyone,313
824,last,13
825,only,49
826,class,104
827,professor,465
828,their,418
829,response,73
830,give,275
831,main,294
832,door,393
833,environmental,390
834,myself,55
835,save,272
836,fish,377
837,about,443
838,make,182
839,common,36
840,number,369
841,what,369
842,help,130
843,hard,158
844,argue,500
845,seek,34
846,industry,296
847,form,115
848,cultural,453
849,truth,246
850,term,403
851,pressure,458
852,today,142
853,official,51
854,forget,309
855,vote,452
856,of,359
857,hard,255
858,contain,425
859,increase,156
860,month,176
861,central,217
862,yet,42
863,east,66
864,election,258
865,no,10
866,then,37
867,specific,139
868,necessary,306
869,picture,260
870,reality,125
871,keep,143
872,audience,291
873,against,379
874,case,119
875,evidence,281
876,public,397
877,impact,474
878,film,269
879,western,430
880,dream,164
881,that,266
882,already,36
883,process,400
884,side,456
885,station,481
886,wide,361
887,beautiful,253
888,few,263
889,even,422
890,than,444
891,center,487
892,executive,62
893,chance,403
894,sister,256
895,future,196
896,poor,59
897,pressure,110
898,often,450
899,dinner,66
900,hard,305
901,produce,452
902,deep,109
903,view,433
904,which,449
905,color,328
906,example,280
907,least,242
908,anyone,191
909,area,204
910,century,451
911,to,56
912,attorney,114
913,lose,487
914,hot,122
915,with,12
916,statement,481
917,realize,28
918,program,151
919,event,239
920,example,455
921,school,75
922,past,124
923,popular,371
924,month,226
925,authority,306
926,body,495
927,realize,281
928,speech,111
929,fund,488
930,year,176
931,president,171
932,police,246
933,team,73
934,anything,435
935,action,343
936,natural,179
937,suddenly,478
938,style,242
939,meeting,133
940,coach,24
941,effect,227
942,audience,272
943,defense,443
944,song,61
945,country,296
946,travel,51
947,leader,437
948,front,379
949,successful,155
950,phone,55
951,structure,301
952,exactly,454
953,nor,339
954,professor,74
955,measure,475
956,learn,458
957,key,342
958,his,337
959,young,63
960,public,493
961,discover,296
962,test,160
963,Mr,255
964,war,90
965,consumer,464
966,clearly,309
967,since,227
968,so,495
969,simple,482
970,none,66
971,difference,414
972,body,128
973,able,395
974,agree,124
975,reflect,150
976,type,158
977,anyone,374
978,loss,187
979,hard,100
980,something,217
981,use,33
982,customer,376
983,worry,195
984,ten,117
985,economic,80
986,American,269
987,right,164
988,performance,276
989,something,248
990,soldier,386
991,you,155
992,key,129
993,available,353
994,local,498
995,heavy,333
996,move,121
997,rather,341
998,ever,22
999,perform,110
